{
  "project_info": {
    "project_number": "667833997733",
    "firebase_url": "https://vinpearlcar.firebaseio.com",
    "project_id": "vinpearlcar",
    "storage_bucket": "vinpearlcar.appspot.com"
  },
  "client": [
    {
      "client_info": {
        "mobilesdk_app_id": "1:667833997733:android:65fcf8af204cd6b2",
        "android_client_info": {
          "package_name": "net.vingroup.com.vinpearlcar"
        }
      },
      "oauth_client": [
        {
          "client_id": "667833997733-418nhjc1r79r7v950cosv2k0c66ji3gs.apps.googleusercontent.com",
          "client_type": 3
        }
      ],
      "api_key": [
        {
          "current_key": "AIzaSyCsRqpnoN5rDj9PF_Pn-GVgl4VypRx2pdM"
        }
      ],
      "services": {
        "analytics_service": {
          "status": 1
        },
        "appinvite_service": {
          "status": 1,
          "other_platform_oauth_client": []
        },
        "ads_service": {
          "status": 2
        }
      }
    },
    {
      "client_info": {
        "mobilesdk_app_id": "1:667833997733:android:504e98f97cb155a1",
        "android_client_info": {
          "package_name": "net.vingroup.ecar"
        }
      },
      "oauth_client": [
        {
          "client_id": "667833997733-418nhjc1r79r7v950cosv2k0c66ji3gs.apps.googleusercontent.com",
          "client_type": 3
        }
      ],
      "api_key": [
        {
          "current_key": "AIzaSyCsRqpnoN5rDj9PF_Pn-GVgl4VypRx2pdM"
        }
      ],
      "services": {
        "analytics_service": {
          "status": 1
        },
        "appinvite_service": {
          "status": 1,
          "other_platform_oauth_client": []
        },
        "ads_service": {
          "status": 2
        }
      }
    }
  ],
  "configuration_version": "1"
}